-- create tables 

--1.DEPOSIT
CREATE TABLE DEPOSIT (
    ACTNO VARCHAR2(5),
    CNAME VARCHAR2(15),
    BNAME VARCHAR2(15),
    AMOUNT NUMBER(9,2),
    ADATE DATE
);

--2.BORROW
CREATE TABLE BORROW (
    LOANNO VARCHAR2(5),
    CNAME VARCHAR2(15),
    BNAME VARCHAR2(15),
    AMOUNT NUMBER(9,2)
);

--3.BRANCH
CREATE TABLE BRANCH (
    BNAME VARCHAR2(15),
    CITY VARCHAR2(15)
);

--4.CUSTOMERS
CREATE TABLE CUSTOMERS (
    CNAME VARCHAR2(15),
    CITY VARCHAR2(15)
);


-- Insert data into tables

--1.DEPOSIT
INSERT INTO DEPOSIT (ACTNO, CNAME, BNAME, AMOUNT, ADATE) VALUES ('101', 'ANIL', 'VRCE', 1000.00, TO_DATE('01-MAR-95', 'DD-MON-YY'));
INSERT INTO DEPOSIT (ACTNO, CNAME, BNAME, AMOUNT, ADATE) VALUES ('102', 'SUNIL', 'AJNI', 5000.00, TO_DATE('04-JAN-96', 'DD-MON-YY'));
INSERT INTO DEPOSIT (ACTNO, CNAME, BNAME, AMOUNT, ADATE) VALUES ('103', 'MEHUL', 'KAROLBAGH', 3500.00, TO_DATE('17-NOV-95', 'DD-MON-YY'));
INSERT INTO DEPOSIT (ACTNO, CNAME, BNAME, AMOUNT, ADATE) VALUES ('104', 'MADHURI', 'CHANDI', 1200.00, TO_DATE('17-DEC-95', 'DD-MON-YY'));
INSERT INTO DEPOSIT (ACTNO, CNAME, BNAME, AMOUNT, ADATE) VALUES ('105', 'PRMOD', 'M G ROAD', 3000.00, TO_DATE('27-MAR-96', 'DD-MON-YY'));
INSERT INTO DEPOSIT (ACTNO, CNAME, BNAME, AMOUNT, ADATE) VALUES ('106', 'SANDIP', 'ANDHERI', 2000.00, TO_DATE('31-MAR-96', 'DD-MON-YY'));
INSERT INTO DEPOSIT (ACTNO, CNAME, BNAME, AMOUNT, ADATE) VALUES ('107', 'SHIVANI', 'VIRAR', 1000.00, TO_DATE('05-SEP-95', 'DD-MON-YY'));
INSERT INTO DEPOSIT (ACTNO, CNAME, BNAME, AMOUNT, ADATE) VALUES ('108', 'KRANTI', 'NEHRU PLACE', 5000.00, TO_DATE('02-JUL-95', 'DD-MON-YY'));
INSERT INTO DEPOSIT (ACTNO, CNAME, BNAME, AMOUNT, ADATE) VALUES ('109', 'MINU', 'POWAI', 7000.00, TO_DATE('10-AUG-95', 'DD-MON-YY'));

--2.BORROW
INSERT INTO BORROW (LOANNO, CNAME, BNAME, AMOUNT) VALUES ('201', 'ANIL', 'VRCE', 1000.00);
INSERT INTO BORROW (LOANNO, CNAME, BNAME, AMOUNT) VALUES ('206', 'MEHUL', 'AJNI', 5000.00);
INSERT INTO BORROW (LOANNO, CNAME, BNAME, AMOUNT) VALUES ('311', 'SUNIL', 'DHARAMPETH', 3000.00);
INSERT INTO BORROW (LOANNO, CNAME, BNAME, AMOUNT) VALUES ('321', 'MADHURI', 'ANDHERI', 2000.00);
INSERT INTO BORROW (LOANNO, CNAME, BNAME, AMOUNT) VALUES ('375', 'PRMOD', 'VIRAR', 8000.00);
INSERT INTO BORROW (LOANNO, CNAME, BNAME, AMOUNT) VALUES ('481', 'KRANTI', 'NEHRU PLACE', 3000.00);
INSERT INTO BORROW (LOANNO, CNAME, BNAME, AMOUNT) VALUES ('201', 'ANIL', 'VRCE', 1000.00);
INSERT INTO BORROW (LOANNO, CNAME, BNAME, AMOUNT) VALUES ('206', 'MEHUL', 'AJNI', 5000.00);  
INSERT INTO BORROW (LOANNO, CNAME, BNAME, AMOUNT) VALUES ('311', 'SUNIL', 'DHARAMPETH', 3000.00);  
INSERT INTO BORROW (LOANNO, CNAME, BNAME, AMOUNT) VALUES ('321', 'MADHURI', 'ANDHERI', 2000.00);  

--3.BRANCH
INSERT INTO BRANCH (BNAME, CITY) VALUES ('VRCE', 'NAGPUR');
INSERT INTO BRANCH (BNAME, CITY) VALUES ('AJNI', 'NAGPUR');
INSERT INTO BRANCH (BNAME, CITY) VALUES ('KAROLBAGH', 'DELHI');
INSERT INTO BRANCH (BNAME, CITY) VALUES ('CHANDI', 'DELHI');
INSERT INTO BRANCH (BNAME, CITY) VALUES ('DHARAMPETH', 'NAGPUR');
INSERT INTO BRANCH (BNAME, CITY) VALUES ('M G ROAD', 'BANGLORE');
INSERT INTO BRANCH (BNAME, CITY) VALUES ('ANDHERI', 'BOMBAY');
INSERT INTO BRANCH (BNAME, CITY) VALUES ('VIRAR', 'BOMBAY');
INSERT INTO BRANCH (BNAME, CITY) VALUES ('NEHRU PLACE', 'DELHI');
INSERT INTO BRANCH (BNAME, CITY) VALUES ('POWAI', 'BOMBAY');

--4.CUSTOMERS
INSERT INTO CUSTOMERS (CNAME, CITY) VALUES ('ANIL', 'CALCUTTA');
INSERT INTO CUSTOMERS (CNAME, CITY) VALUES ('SUNIL', 'DELHI');
INSERT INTO CUSTOMERS (CNAME, CITY) VALUES ('MEHUL', 'BARODA');
INSERT INTO CUSTOMERS (CNAME, CITY) VALUES ('MANDAR', 'PATNA');
INSERT INTO CUSTOMERS (CNAME, CITY) VALUES ('MADHURI', 'NAGPUR');
INSERT INTO CUSTOMERS (CNAME, CITY) VALUES ('PRAMOD', 'NAGPUR');
INSERT INTO CUSTOMERS (CNAME, CITY) VALUES ('SANDIP', 'SURAT');
INSERT INTO CUSTOMERS (CNAME, CITY) VALUES ('SHIVANI', 'BOMBAY');
INSERT INTO CUSTOMERS (CNAME, CITY) VALUES ('KRANTI', 'BOMBAY');
INSERT INTO CUSTOMERS (CNAME, CITY) VALUES ('NAREN', 'BOMBAY');


--Perform queries

--1.Describe deposit, branch from deposit tables
DESC DEPOSIT;
DESC BRANCH;

--2.Describe borrow, customers tables
DESC BORROW;
DESC CUSTOMER;

--3.List all data from table DEPOSIT
SELECT * FROM DEPOSIT;

--4.List all data from table BORROW
SELECT * FROM BORROW;

--5.List all data from table CUSTOMERS
SELECT * FROM CUSTOMER;

--6.List all data from table BRANCH
SELECT * FROM BRANCH;

--7.Give account no and amount of depositors
SELECT ACTNO, AMOUNT FROM DEPOSIT;

--8.Give name of depositors having amount greater than Rs. 4000
SELECT CNAME FROM DEPOSIT WHERE AMOUNT > 4000;

--9.Give name of customers who opened account after date '01-DEC-96'
SELECT CNAME FROM DEPOSIT WHERE ADATE > TO_DATE('01-DEC-96', 'DD-MON-YY');

--10.List all the customers from Bombay city
SELECT * FROM CUSTOMER WHERE UPPER(CITY) = 'BOMBAY';
